number,volume,title,num_page,date,jump
1,1,Romance Dawn —The Dawn of the Adventure—,53,1997-07-19,1997 Issue 34
2,1,"That Guy, ""Straw Hat Luffy""",23,1997-07-28,1997 Issue 35
3,1,Introducing Pirate Hunter Zoro,21,1997-08-04,1997 Issue 36
4,1,"Marine Captain ""Axe-Hand Morgan""",19,1997-08-11,1997 Issue 37-38
5,1,The Pirate King and the Great Swordsman,19,1997-08-25,1997 Issue 39
6,1,The First,23,1997-09-01,1997 Issue 40
7,1,Friends,20,1997-09-08,1997 Issue 41
8,1,Introducing Nami,19,1997-09-15,1997 Issue 42
9,2,Devilish Woman,21,1997-09-22,1997 Issue 43
10,2,Incident at the Tavern,23,1997-09-29,1997 Issue 44
11,2,Flight,19,1997-10-06,1997 Issue 45
12,2,Dog,19,1997-10-13,1997 Issue 46
13,2,Treasure,19,1997-10-20,1997 Issue 47
14,2,Reckless!!,19,1997-10-27,1997 Issue 48
15,2,Gong,19,1997-11-03,1997 Issue 49
16,2,Versus!! The Buggy Pirates,17,1997-11-10,1997 Issue 50
17,2,Character,20,1997-11-17,1997 Issue 51
18,3,"The Pirate ""Buggy the Clown""",19,1997-11-24,1997 Issue 52
19,3,Devil Fruit,19,1997-12-01,1998 Issue 1
20,3,The Way of the Thief,19,1997-12-08,1998 Issue 2-3
21,3,Town,19,1997-12-22,1998 Issue 4-5
22,3,You're the Rare Breed,29,1998-01-05,1998 Issue 6
23,3,Introducing Captain Usopp,19,1998-01-12,1998 Issue 7
24,3,Things That Can't Be Faked,19,1998-01-19,1998 Issue 8
25,3,800 Lies,19,1998-01-26,1998 Issue 9
26,3,Captain Kuro's Plan,19,1998-02-02,1998 Issue 10
27,4,Plan,21,1998-02-09,1998 Issue 11
28,4,Crescent Moon,19,1998-02-16,1998 Issue 12
29,4,Hill Road,21,1998-02-23,1998 Issue 13
30,4,Great!!!,19,1998-03-02,1998 Issue 14
31,4,Truth,19,1998-03-09,1998 Issue 15
32,4,Great Misfortune,19,1998-03-16,1998 Issue 16
33,4,The Man Who Makes No Sound,19,1998-03-23,1998 Issue 17
34,4,Butler Klahadore,19,1998-03-30,1998 Issue 18
35,4,Neo Hill Road,19,1998-04-06,1998 Issue 19
36,5,After Them!!,21,1998-04-13,1998 Issue 20
37,5,"The Pirate ""Kuro of a Hundred Plans""",19,1998-04-20,1998 Issue 21
38,5,Pirate Crew,20,1998-04-27,1998 Issue 22-23
39,5,For Whom the Bell Tolls,19,1998-05-11,1998 Issue 24
40,5,The Usopp Pirates,19,1998-05-18,1998 Issue 25
41,5,To the Sea,18,1998-05-25,1998 Issue 26
42,5,Yosaku and Johnny,19,1998-06-01,1998 Issue 27
43,5,Introducing Sanji,19,1998-06-08,1998 Issue 28
44,5,Three Cooks,20,1998-06-15,1998 Issue 29
45,6,Before the Storm,18,1998-06-22,1998 Issue 30
46,6,An Uninvited Guest,19,1998-06-29,1998 Issue 31
47,6,"Pirate Fleet Admiral ""Don Krieg""",19,1998-07-06,1998 Issue 32
48,6,Leave That Path Alone,19,1998-07-13,1998 Issue 33
49,6,Storm,18,1998-07-18,1998 Issue 34
50,6,To Each His Own Way,19,1998-07-27,1998 Issue 35
51,6,Roronoa Zoro Falls Into the Sea,19,1998-08-03,1998 Issue 36
52,6,The Oath,20,1998-08-10,1998 Issue 37-38
53,6,Sabagashira No. 1,19,1998-08-24,1998 Issue 39
54,7,Pearl-san,19,1998-08-31,1998 Issue 40
55,7,Jungle Blood,19,1998-09-07,1998 Issue 41
56,7,No Way,20,1998-09-14,1998 Issue 42
57,7,Because of Dreams,19,1998-09-21,1998 Issue 43
58,7,Crap-Geezer,19,1998-09-28,1998 Issue 44
59,7,Obligation,19,1998-10-05,1998 Issue 45
60,7,Propriety,19,1998-10-12,1998 Issue 46
61,7,The Demon,20,1998-10-19,1998 Issue 47
62,7,MH5,19,1998-10-26,1998 Issue 48
63,8,I Won't Die,19,1998-11-02,1998 Issue 49
64,8,The Mighty Battle Spear,18,1998-11-09,1998 Issue 50
65,8,Prepared,19,1998-11-16,1998 Issue 51
66,8,The Spear Is Stifled,19,1998-11-21,1998 Issue 52
67,8,Soup,19,1998-11-30,1999 Issue 1
68,8,The Fourth,19,1998-12-07,1999 Issue 2-3
69,8,Arlong Park,20,1998-12-19,1999 Issue 4-5
70,8,The Great Adventure of Usopp the Man,21,1999-01-04,1999 Issue 6
71,8,Lords of All Creation,19,1999-01-11,1999 Issue 7
72,9,Appropriate,19,1999-01-18,1999 Issue 8
73,9,"The Monster From the ""Grand Line""",19,1999-01-25,1999 Issue 9
74,9,Business,19,1999-02-01,1999 Issue 10
75,9,Sea Charts and Fish-Man,19,1999-02-08,1999 Issue 11
76,9,Sleep,19,1999-02-15,1999 Issue 12
77,9,The First Step Toward a Dream,19,1999-02-22,1999 Issue 13
78,9,Bell-mère-san,19,1999-03-01,1999 Issue 14
79,9,To Live,19,1999-03-08,1999 Issue 15
80,9,A Crime is a Crime,19,1999-03-15,1999 Issue 16
81,9,Tears,19,1999-03-20,1999 Issue 17
82,10,"OK, Let's STAND UP!",19,1999-03-29,1999 Issue 18
83,10,Luffy in Black,19,1999-04-05,1999 Issue 19
84,10,Zombie,19,1999-04-12,1999 Issue 20
85,10,Three Sword Style vs. Six Sword Style,19,1999-04-19,1999 Issue 21
86,10,Chivalry vs. Fish-Man Karate,20,1999-04-26,1999 Issue 22-23
87,10,It's Over!!,19,1999-05-10,1999 Issue 24
88,10,Die!!!,19,1999-05-17,1999 Issue 25
89,10,Switch,19,1999-05-24,1999 Issue 26
90,10,What Can You Do?,19,1999-05-31,1999 Issue 27
91,11,DARTS,19,1999-06-07,1999 Issue 28
92,11,Happiness,19,1999-06-14,1999 Issue 29
93,11,Going Down,19,1999-06-21,1999 Issue 30
94,11,The Second,17,1999-06-28,1999 Issue 31
95,11,"Spin, Pinwheel",19,1999-07-05,1999 Issue 32
96,11,Greatest Evil of the East,19,1999-07-12,1999 Issue 33
97,11,Sandai Kitetsu,19,1999-07-19,1999 Issue 34
98,11,Dark Clouds,19,1999-07-26,1999 Issue 35
99,11,Luffy Died,19,1999-08-02,1999 Issue 36
100,12,The Legend Has Begun,24,1999-08-09,1999 Issue 37-38
101,12,Reverse Mountain,19,1999-08-23,1999 Issue 39
102,12,"Now, The Grand Line",19,1999-08-30,1999 Issue 40
103,12,The Whale,20,1999-09-06,1999 Issue 41
104,12,Cape Promise,19,1999-09-13,1999 Issue 42
105,12,Log Pose,19,1999-09-20,1999 Issue 43
106,12,The Town of Welcome,19,1999-09-27,1999 Issue 44
107,12,Moonlight and Gravestones,18,1999-10-04,1999 Issue 45
108,12,100 Bounty Hunters,19,1999-10-09,1999 Issue 46
109,13,Responsibility Problem,19,1999-10-18,1999 Issue 47
110,13,The Night Isn't Over,19,1999-10-25,1999 Issue 48
111,13,The Secret Criminal Organization,18,1999-11-01,1999 Issue 49
112,13,Luffy vs. Zoro,19,1999-11-08,1999 Issue 50
113,13,It's Okay!!!,19,1999-11-15,1999 Issue 51
114,13,The Course,19,1999-11-22,1999 Issue 52-53
115,13,Little Garden of Adventure,19,1999-12-06,2000 Issue 1
116,13,Huge,19,1999-12-13,2000 Issue 2
117,13,Dorry and Brogy,19,1999-12-20,2000 Issue 3-4
118,14,Someone's Here,19,2000-01-03,2000 Issue 5-6
119,14,Makeshift,19,2000-01-17,2000 Issue 7
120,14,The Red Ogre Cried,19,2000-01-24,2000 Issue 8
121,14,I Knew,19,2000-01-31,2000 Issue 9
122,14,A Dead Body is Useless,19,2000-02-07,2000 Issue 10
123,14,Luffy vs. Mr. 3,19,2000-02-14,2000 Issue 11
124,14,The Tea is Good,19,2000-02-21,2000 Issue 12
125,14,Candle Champion,19,2000-02-28,2000 Issue 13
126,14,Instinct,19,2000-03-06,2000 Issue 14
127,15,Den Den Mushi,19,2000-03-13,2000 Issue 15
128,15,Pride (Pirate Flag),20,2000-03-18,2000 Issue 16
129,15,Straight Ahead!!!,21,2000-03-27,2000 Issue 17
130,15,Maximum Speed,19,2000-04-03,2000 Issue 18
131,15,Tin Plate Wapol,19,2000-04-10,2000 Issue 19
132,15,See?,19,2000-04-17,2000 Issue 20
133,15,Adventure in a Nameless Country,20,2000-04-24,2000 Issue 21-22
134,15,Dr. Kureha,19,2000-05-08,2000 Issue 23
135,15,Lapahn,19,2000-05-15,2000 Issue 24
136,15,A Man Named Dalton,19,2000-05-22,2000 Issue 25
137,16,Avalanche,20,2000-05-29,2000 Issue 26
138,16,The Summit,19,2000-06-05,2000 Issue 27
139,16,Introducing Tony Tony Chopper,19,2000-06-12,2000 Issue 28
140,16,The Castle of Snow,19,2000-06-19,2000 Issue 29
141,16,Quack Doctor,19,2000-06-26,2000 Issue 30
142,16,Skull and Sakura,19,2000-07-03,2000 Issue 31
143,16,Clumsy,19,2000-07-10,2000 Issue 32
144,16,Snowy Tale,19,2000-07-17,2000 Issue 33
145,16,Inherited Will,19,2000-07-24,2000 Issue 34
146,17,Battle to Defend the Kingdom,19,2000-07-31,2000 Issue 35
147,17,Downright Lie,19,2000-08-07,2000 Issue 36-37
148,17,Unbreakable,19,2000-08-21,2000 Issue 38
149,17,RUMBLE!!,19,2000-08-28,2000 Issue 39
150,17,Royal Drum Crown 7-Shot Tin Tyrant Cannon,19,2000-09-04,2000 Issue 40
151,17,The Skies of Drum,19,2000-09-11,2000 Issue 41
152,17,Full Moon,19,2000-09-18,2000 Issue 42
153,17,Hiriluk's Sakura,19,2000-09-25,2000 Issue 43
154,17,To Arabasta,19,2000-10-02,2000 Issue 44
155,17,"""Pirate"" Sir Crocodile",19,2000-10-07,2000 Issue 45
156,18,Okama Weather,19,2000-10-16,2000 Issue 46
157,18,Introducing Ace,19,2000-10-23,2000 Issue 47
158,18,Landing in Arabasta,19,2000-10-30,2000 Issue 48
159,18,Come On,19,2000-11-06,2000 Issue 49
160,18,Spiders Cafe at 8 O'Clock,19,2000-11-13,2000 Issue 50
161,18,The Green City Erumalu,19,2000-11-20,2000 Issue 51
162,18,Adventure in the Kingdom of Sand,19,2000-11-27,2000 Issue 52
163,18,"Yuba, the Town of Rebels",19,2000-12-04,2001 Issue 1
164,18,I Love This Country,19,2000-12-11,2001 Issue 2
165,18,Operation Utopia,18,2000-12-18,2001 Issue 3-4
166,18,Luffy vs. Vivi,19,2001-01-04,2001 Issue 5-6
167,19,Battle Front,19,2001-01-15,2001 Issue 7
168,19,"Rainbase, The Town of Dreams",19,2001-01-22,2001 Issue 8
169,19,The Kingdom's Strongest Warrior,19,2001-01-29,2001 Issue 9
170,19,It Begins,19,2001-02-05,2001 Issue 10
171,19,"Koza, Leader of the Rebels",19,2001-02-10,2001 Issue 11
172,19,Rebellion,19,2001-02-26,2001 Issue 13
173,19,Bananawani,19,2001-03-05,2001 Issue 14
174,19,Mr. Prince,19,2001-03-12,2001 Issue 15
175,19,Release,19,2001-03-19,2001 Issue 16
176,19,Rush!!,19,2001-03-26,2001 Issue 17
177,20,30 Million vs. 81 Million,19,2001-04-02,2001 Issue 18
178,20,Level G.L.,19,2001-04-09,2001 Issue 19
179,20,Showdown at Alubarna,19,2001-04-16,2001 Issue 20
180,20,Arabasta Animal Land,19,2001-04-23,2001 Issue 21-22
181,20,Super Spot-Billed Duck Quiz,19,2001-05-07,2001 Issue 23
182,20,Roar,19,2001-05-14,2001 Issue 24
183,20,Commander Karoo,19,2001-05-21,2001 Issue 25
184,20,Molehill 4th St.,19,2001-05-28,2001 Issue 26
185,20,Oh... Is That So?,19,2001-06-04,2001 Issue 27
186,20,4,19,2001-06-11,2001 Issue 28
187,21,Even Match,19,2001-06-18,2001 Issue 29
188,21,Okama Kenpo,19,2001-06-25,2001 Issue 30
189,21,2,19,2001-07-02,2001 Issue 31
190,21,Clima-Tact,19,2001-07-09,2001 Issue 32
191,21,The Woman Who Controls the Weather,19,2001-07-16,2001 Issue 33
192,21,Whirlwind Warning,19,2001-07-23,2001 Issue 34
193,21,Utopia,19,2001-07-30,2001 Issue 35
194,21,Cutting Steel,18,2001-08-06,2001 Issue 36-37
195,21,Mr. Bushido,21,2001-08-20,2001 Issue 38
196,22,1,19,2001-08-27,2001 Issue 39
197,22,The Leaders,19,2001-09-03,2001 Issue 40
198,22,4:15 PM,19,2001-09-10,2001 Issue 41
199,22,Hope!!,19,2001-09-17,2001 Issue 42
200,22,Water Luffy,19,2001-09-22,2001 Issue 43
201,22,Nico Robin,19,2001-10-01,2001 Issue 44
202,22,The Royal Mausoleum,19,2001-10-06,2001 Issue 45
203,22,Crocodile-ish,19,2001-10-15,2001 Issue 46
204,22,RED,19,2001-10-22,2001 Issue 47
205,22,The Suna Suna Clan's Secret Base,19,2001-10-29,2001 Issue 48
206,23,Ignition,19,2001-11-05,2001 Issue 49
207,23,Nightmare,19,2001-11-12,2001 Issue 50
208,23,Guardian Spirit,19,2001-11-19,2001 Issue 51
209,23,I Will Surpass You,19,2001-11-26,2001 Issue 52
210,23,0,17,2001-12-03,2002 Issue 1
211,23,King,19,2001-12-10,2002 Issue 2
212,23,Some Justice,19,2001-12-17,2002 Issue 3
213,23,VIP,23,2001-12-28,2002 Issue 4-5
214,23,Strategy to Escape the Sand Kingdom,19,2002-01-07,2002 Issue 6-7
215,23,Last waltz,19,2002-01-21,2002 Issue 8
216,23,Vivi's Adventure,19,2002-01-28,2002 Issue 9
217,24,Stowaway,2019,2002-02-04,2002 Issue 10
218,24,Why the Log Pose is Dome-Shaped,19,2002-02-18,2002 Issue 12
219,24,Masira the Salvage King,19,2002-02-25,2002 Issue 13
220,24,A Walk on the Seafloor,19,2002-03-04,2002 Issue 14
221,24,Monsters,19,2002-03-11,2002 Issue 15
222,24,Big Time Rookies,19,2002-03-18,2002 Issue 16
223,24,I Promise Never to Fight in This Town,19,2002-03-25,2002 Issue 17
224,24,Do Not Dream,19,2002-04-01,2002 Issue 18
225,24,People's Dreams,19,2002-04-08,2002 Issue 19
226,24,"Shoujou, the Salvage King of the Seafloor",19,2002-04-15,2002 Issue 20
227,25,Noland the Liar,19,2002-04-22,2002 Issue 21
228,25,"Mont Blanc Cricket, the Last Boss of the Saruyama Allied Force",19,2002-04-27,2002 Issue 22-23
229,25,Let's Eat,19,2002-05-13,2002 Issue 24
230,25,Pursue the South Bird!!,19,2002-05-20,2002 Issue 25
231,25,Bellamy the Hyena,19,2002-05-27,2002 Issue 26
232,25,The Hundred Million Man,19,2002-06-03,2002 Issue 27
233,25,The World's Greatest Power,19,2002-06-10,2002 Issue 28
234,25,Please Remember,19,2002-06-17,2002 Issue 29
235,25,Knock Up Stream,19,2002-06-24,2002 Issue 30
236,25,The Ship Sails to the Sky,19,2002-07-01,2002 Issue 31
237,26,High in the Sky,19,2002-07-08,2002 Issue 32
238,26,Heaven's Gate,17,2002-07-15,2002 Issue 33
239,26,Angel Beach,17,2002-07-22,2002 Issue 34
240,26,Dial Energy,17,2002-07-29,2002 Issue 35
241,26,Heaven's Judgment,17,2002-08-05,2002 Issue 36
242,26,Class-2 Criminals,17,2002-08-12,2002 Issue 37-38
243,26,Ordeals,17,2002-08-26,2002 Issue 39
244,26,SOS,19,2002-09-02,2002 Issue 40
245,26,Adventure on God's Island,17,2002-09-09,2002 Issue 41
246,26,"Satori, Priest of the Wandering Forest",19,2002-09-14,2002 Issue 42
247,27,Ordeal of Balls,19,2002-09-22,2002 Issue 43
248,27,Former God vs Priest,19,2002-10-07,2002 Issue 45
249,27,The Village Hidden in the Cloud,19,2002-10-12,2002 Issue 46
250,27,Ball Dragon,19,2002-10-21,2002 Issue 47
251,27,Overture,19,2002-10-28,2002 Issue 48
252,27,Junction,19,2002-11-02,2002 Issue 49
253,27,Vearth,19,2002-11-11,2002 Issue 50
254,27,Aubade,19,2002-11-18,2002 Issue 51
255,27,The Anaconda and the Search Team,19,2002-11-25,2002 Issue 52
256,28,Wyper the Berserker,19,2002-12-02,2003 Issue 1
257,28,Dial Battle,19,2002-12-09,2003 Issue 2
258,28,The Many Souths,19,2002-12-16,2003 Issue 3-4
259,28,Pirate Zoro vs. Warrior Braham,19,2002-12-30,2003 Issue 5
260,28,Pirate Luffy vs. Berserker Wyper,17,2003-01-06,2003 Issue 6-7
261,28,Warrior Genbo vs. Divine Soldiers Commander Yama,19,2003-01-20,2003 Issue 8
262,28,Pirate Chopper vs. Priest Gedatsu,19,2003-01-27,2003 Issue 9
263,28,Pirate Nami and the Weird Knight vs. Divine Soldiers Lieutenants Hotori and Kotori,19,2003-02-03,2003 Issue 10
264,28,Warrior Kamakiri vs. God Enel,19,2003-02-10,2003 Issue 11
265,29,Pirate Robin vs. Divine Soldiers Commander Yama,19,2003-02-17,2003 Issue 12
266,29,Pirate Chopper vs. Priest Ohm,19,2003-02-24,2003 Issue 13
267,29,March,19,2003-03-03,2003 Issue 14
268,29,Suite,19,2003-03-10,2003 Issue 15
269,29,Concerto,21,2003-03-17,2003 Issue 16
270,29,Serenade,19,2003-03-31,2003 Issue 18
271,29,Pirate Zoro vs. Priest Ohm,19,2003-04-07,2003 Issue 19
272,29,Play,19,2003-04-14,2003 Issue 20
273,29,Quintet,19,2003-04-21,2003 Issue 21
274,29,Oratorio,21,2003-04-28,2003 Issue 22-23
275,29,Divina Comedia,19,2003-05-12,2003 Issue 24
276,30,Shandia Rhythm,19,2003-05-19,2003 Issue 25
277,30,Maxim,19,2003-05-26,2003 Issue 26
278,30,Conis,19,2003-06-02,2003 Issue 27
279,30,Pirate Luffy vs. God Enel,19,2003-06-09,2003 Issue 28
280,30,Floating,19,2003-06-16,2003 Issue 29
281,30,Deathpiea,19,2003-06-23,2003 Issue 30
282,30,Desire,19,2003-06-30,2003 Issue 31
283,30,On the Front Line of Rescuing Love,19,2003-07-07,2003 Issue 32
284,30,Sorry,19,2003-07-14,2003 Issue 33
285,30,Capriccio,19,2003-07-19,2003 Issue 34
286,31,The Monster of Shandora,17,2003-07-28,2003 Issue 35
287,31,God Killing,19,2003-08-11,2003 Issue 37-38
288,31,Curse,19,2003-08-25,2003 Issue 39
289,31,Full Moon,21,2003-09-01,2003 Issue 40
290,31,The Light of Shandora,19,2003-09-08,2003 Issue 41
291,31,I'm Right Here,19,2003-09-13,2003 Issue 42
292,31,"To Meet, like the Half-Moon Hidden by Clouds",19,2003-09-22,2003 Issue 43
293,31,Bolero,19,2003-09-29,2003 Issue 44
294,31,Raigo,19,2003-10-06,2003 Issue 45
295,31,Giant Jack,19,2003-10-11,2003 Issue 46
296,32,High-Altitude Situation,19,2003-10-20,2003 Issue 47
297,32,Praises of the Earth,19,2003-10-27,2003 Issue 48
298,32,Love Song,19,2003-11-01,2003 Issue 49
299,32,Fantasia,19,2003-11-10,2003 Issue 50
300,32,Symphony,19,2003-11-22,2003 Issue 52
301,32,I Was Here,19,2003-12-01,2004 Issue 1
302,32,Finale,19,2003-12-08,2004 Issue 2
303,32,Rich Pirates,19,2003-12-15,2004 Issue 3
304,32,Long Island Adventure,21,2003-12-22,2004 Issue 4-5
305,32,Foxy the Silver Fox,19,2004-01-05,2004 Issue 6-7
306,33,Donut Race<nowiki>!!</nowiki>,19,2004-01-19,2004 Issue 8
307,33,"Ready, Donuts<nowiki>!!</nowiki>",19,2004-01-26,2004 Issue 9
308,33,The Grand Interference Plan,19,2004-02-02,2004 Issue 10
309,33,Groggy Monsters,19,2004-02-09,2004 Issue 11
310,33,Groggy Ring<nowiki>!!</nowiki>,19,2004-02-16,2004 Issue 12
311,33,Rough Game,19,2004-02-23,2004 Issue 13
312,33,GOAL<nowiki>!!</nowiki>,19,2004-03-01,2004 Issue 14
313,33,MAIN EVENT,19,2004-03-08,2004 Issue 15
314,33,Combat<nowiki>!!!</nowiki>,19,2004-03-15,2004 Issue 16
315,33,Secret Room,19,2004-03-22,2004 Issue 17
316,33,Brother Soul,19,2004-03-29,2004 Issue 18
317,34,K.O.,21,2004-04-12,2004 Issue 20
318,34,Closure,19,2004-04-19,2004 Issue 21
319,34,Admiral Aokiji of the Marine Headquarters,19,2004-04-26,2004 Issue 22-23
320,34,Ultimate Military Force,19,2004-05-10,2004 Issue 24
321,34,One-on-One,19,2004-05-17,2004 Issue 25
322,34,Puffing Tom,19,2004-05-24,2004 Issue 26
323,34,"The City of Water, Water 7",19,2004-05-31,2004 Issue 27
324,34,Adventure in the City on the Water,19,2004-06-07,2004 Issue 28
325,34,The Franky Family,19,2004-06-14,2004 Issue 29
326,34,Iceburg-san,17,2004-06-21,2004 Issue 30
327,34,"Shipyard Island, Construction Dock No. 1",21,2004-06-28,2004 Issue 31
328,35,The Pirate Abduction Incident,19,2004-07-12,2004 Issue 33
329,35,"My Name Is ""Franky""",19,2004-07-17,2004 Issue 34
330,35,It's Decided,19,2004-07-26,2004 Issue 35
331,35,The Big Argument,19,2004-08-02,2004 Issue 36
332,35,Luffy vs. Usopp,19,2004-08-09,2004 Issue 37-38
333,35,Captain,19,2004-08-23,2004 Issue 39
334,35,Big Trouble in the Secret Room,19,2004-08-30,2004 Issue 40
335,35,WARNING,19,2004-09-06,2004 Issue 41
336,35,Luffy vs. Franky,19,2004-09-13,2004 Issue 42
337,36,Protectors of the City of Water,19,2004-09-18,2004 Issue 43
338,36,Coup de Vent,19,2004-09-27,2004 Issue 44
339,36,Rumors,19,2004-10-04,2004 Issue 45
340,36,The Woman Who Brings Darkness,19,2004-10-09,2004 Issue 46
341,36,Devil,19,2004-10-18,2004 Issue 47
342,36,The Messengers of Darkness,19,2004-10-25,2004 Issue 48
343,36,Cipher Pol No.9,19,2004-11-01,2004 Issue 49
344,36,Opposing Force,19,2004-11-08,2004 Issue 50
345,36,The Concealed,19,2004-11-15,2004 Issue 51
346,36,The 9th Justice,19,2004-11-29,2004 Issue 53
347,37,Rokushiki,19,2004-12-06,2005 Issue 1
348,37,Fighting Power,19,2004-12-13,2005 Issue 2
349,37,One Citizen,19,2004-12-20,2005 Issue 3-4
350,37,The Warehouse Under the Bridge,19,2005-01-03,2005 Issue 5-6
351,37,Klabautermann,19,2005-01-17,2005 Issue 7
352,37,Tom's Workers,19,2005-01-24,2005 Issue 8
353,37,The Legendary Shipwright,19,2005-01-31,2005 Issue 9
354,37,Sea Train,19,2005-02-07,2005 Issue 10
355,37,Spandam,19,2005-02-14,2005 Issue 11
356,37,Tom-san,19,2005-02-28,2005 Issue 13
357,37,Cutty Flam,21,2005-03-07,2005 Issue 14
358,38,Revival,19,2005-03-14,2005 Issue 15
359,38,Bingo,19,2005-03-19,2005 Issue 16
360,38,Departing Soon,19,2005-03-28,2005 Issue 17
361,38,P.S.,19,2005-04-04,2005 Issue 18
362,38,Ebb Tide,19,2005-04-11,2005 Issue 19
363,38,Aqua Laguna,19,2005-04-18,2005 Issue 20
364,38,Kokoro,19,2005-04-25,2005 Issue 21-22
365,38,Rocketman<nowiki>!!</nowiki>,19,2005-05-09,2005 Issue 23
366,38,Sortie<nowiki>!!</nowiki>,19,2005-05-16,2005 Issue 24
367,38,Sogeking,19,2005-05-23,2005 Issue 25
368,39,Sea Train Battle Game,19,2005-05-30,2005 Issue 26
369,39,Ramen Kenpo,19,2005-06-06,2005 Issue 27
370,39,You're Not Alone,19,2005-06-13,2005 Issue 28
371,39,The Admirable Captain T Bone,19,2005-06-20,2005 Issue 29
372,39,Parage,19,2005-06-27,2005 Issue 30
373,39,Necessary Evil,19,2005-07-04,2005 Issue 31
374,39,Scramble,19,2005-07-16,2005 Issue 33
375,39,The Superhumans of Enies Lobby,19,2005-07-25,2005 Issue 34
376,39,I Got It!!!,19,2005-08-01,2005 Issue 35
377,39,Great Battle on the Judiciary Island!!,19,2005-08-08,2005 Issue 36-37
378,40,Damage Report,19,2005-08-22,2005 Issue 38
379,40,Doriki,19,2005-08-29,2005 Issue 39
380,40,Enies Lobby Main Island Express,19,2005-09-05,2005 Issue 40
381,40,Fired,19,2005-09-12,2005 Issue 41
382,40,Demon Lair,19,2005-09-17,2005 Issue 42
383,40,Luffy vs Blueno,19,2005-09-26,2005 Issue 43
384,40,Signal the Counterattack,19,2005-10-03,2005 Issue 44
385,40,There Is a Way,19,2005-10-08,2005 Issue 45
386,40,Unprecedented,15,2005-10-17,2005 Issue 46
387,40,Gear,19,2005-10-31,2005 Issue 48
388,40,Gear 2,19,2005-11-07,2005 Issue 49
389,41,Response,19,2005-11-14,2005 Issue 50
390,41,Accepting the Challenge,19,2005-11-21,2005 Issue 51
391,41,The Girl Called a Devil,19,2005-11-28,2005 Issue 52
392,41,Dereshi,19,2005-12-12,2006 Issue 2
393,41,Olvia,19,2005-12-19,2006 Issue 3
394,41,The Demons of Ohara,19,2005-12-26,2006 Issue 4-5
395,41,Ohara vs. the World Government,19,2006-01-07,2006 Issue 6-7
396,41,Saul,19,2006-01-23,2006 Issue 8
397,41,In Hopes of Reaching the Future,19,2006-01-30,2006 Issue 9
398,41,Declaration of War,19,2006-02-06,2006 Issue 10
399,41,Jump Toward the Waterfall!!,19,2006-02-13,2006 Issue 11
400,42,The Key to Freedom,19,2006-02-20,2006 Issue 12
401,42,Pirates vs CP9,19,2006-02-27,2006 Issue 13
402,42,Handcuffs No. 2,19,2006-03-06,2006 Issue 14
403,42,Mr. Chivalry,19,2006-03-13,2006 Issue 15
404,42,Franky vs Fukurou,19,2006-03-20,2006 Issue 16
405,42,Power,19,2006-03-27,2006 Issue 17
406,42,Seimei Kikan,19,2006-04-10,2006 Issue 19
407,42,Monster,19,2006-04-17,2006 Issue 20
408,42,Monster vs Kumadori,19,2006-04-24,2006 Issue 21-22
409,42,Emergency Bad News Broadcast,19,2006-05-08,2006 Issue 23
410,43,Super-Size Nami,19,2006-05-15,2006 Issue 24
411,43,Nami vs Kalifa,19,2006-05-22,2006 Issue 25
412,43,You Missed Your Chance,19,2006-05-29,2006 Issue 26
413,43,Hunter,19,2006-06-05,2006 Issue 27
414,43,Sanji vs Jabra,19,2006-06-12,2006 Issue 28
415,43,Heat Up,19,2006-06-19,2006 Issue 29
416,43,Zoro vs Kaku,19,2006-06-26,2006 Issue 30
417,43,Asura,19,2006-07-03,2006 Issue 31
418,43,Luffy vs. Rob Lucci,19,2006-07-10,2006 Issue 32
419,43,Legend of a Hero,19,2006-07-15,2006 Issue 33
420,44,Buster Call,19,2006-07-24,2006 Issue 34
421,44,Gear 3,19,2006-07-31,2006 Issue 35
422,44,Rob Lucci,19,2006-08-07,2006 Issue 36-37
423,44,Mermaid Legend,19,2006-08-21,2006 Issue 38
424,44,Escape Ship,19,2006-08-28,2006 Issue 39
425,44,Bridge of Mortal Combat,19,2006-09-04,2006 Issue 40
426,44,A Ship Waiting for Wind,19,2006-09-11,2006 Issue 41
427,44,It's Not Like it's Hell Here,19,2006-09-16,2006 Issue 42
428,44,Let's Go Back,19,2006-09-25,2006 Issue 43
429,44,Utter Defeat,19,2006-10-02,2006 Issue 44
430,44,A Light Snow of Reminiscence Falls,19,2006-10-07,2006 Issue 45
431,45,Fist of Love,19,2006-10-23,2006 Issue 47
432,45,Jack-in-the-Box,19,2006-10-30,2006 Issue 48
433,45,The Name of That Sea is,19,2006-11-06,2006 Issue 49
434,45,Whitebeard and Red Hair,19,2006-11-13,2006 Issue 50
435,45,You Have My Sympathies,19,2006-11-20,2006 Issue 51
436,45,Pants from Franky House,19,2006-12-04,2007 Issue 1
437,45,Naked But Great,19,2006-12-11,2007 Issue 2
438,45,Pride,19,2006-12-18,2007 Issue 3
439,45,The Third and the Seventh,19,2006-12-25,2007 Issue 4-5
440,45,Fire Fist vs Blackbeard,19,2007-01-06,2007 Issue 6-7
441,46,Duel on Banaro Island,19,2007-01-22,2007 Issue 8
442,46,Adventure in the Demonic Sea,19,2007-01-29,2007 Issue 9
443,46,Thriller Bark,19,2007-02-05,2007 Issue 10
444,46,Adventure on Ghost Island,19,2007-02-10,2007 Issue 11
445,46,The Zombie,19,2007-02-19,2007 Issue 12
446,46,Doctor Hogback,19,2007-02-26,2007 Issue 13
447,46,Surprise Zombie,19,2007-03-05,2007 Issue 14
448,46,Moria,19,2007-03-12,2007 Issue 15
449,46,The Mysterious Four of Thriller Bark,19,2007-03-26,2007 Issue 17
450,47,General Zombie Night,19,2007-04-02,2007 Issue 18
451,47,Perona's Wonder Garden,19,2007-04-09,2007 Issue 19
452,47,Jigorο of the Wind,19,2007-04-16,2007 Issue 20
453,47,Cloudy With a Small Chance of Bone,19,2007-04-23,2007 Issue 21
454,47,Humming,19,2007-04-28,2007 Issue 22-23
455,47,Gecko Moria of the Seven Warlords of the Sea,19,2007-05-14,2007 Issue 24
456,47,Demon from the Land of Ice,19,2007-05-21,2007 Issue 25
457,47,Meeeeat!!!,19,2007-05-28,2007 Issue 26
458,47,Anything but My Afro,19,2007-06-04,2007 Issue 27
459,47,Being Dead Isn't an Apology,19,2007-06-11,2007 Issue 28
460,48,Get Back Before Dawn<nowiki>!!</nowiki>,19,2007-06-25,2007 Issue 30
461,48,Ghost Buster,19,2007-07-02,2007 Issue 31
462,48,Adventures of Oars,19,2007-07-09,2007 Issue 32
463,48,Pirate Sanji vs Mysterious Absalom,19,2007-07-14,2007 Issue 33
464,48,Sanji's Dream,19,2007-07-23,2007 Issue 34
465,48,Pirate Usopp vs Princess Perona,19,2007-07-30,2007 Issue 35
466,48,Conclusion,19,2007-08-06,2007 Issue 36-37
467,48,Pirate Zoro vs Samurai Ryuma,19,2007-08-20,2007 Issue 38
468,48,Pirate Chopper vs Mysterious Hogback,19,2007-08-27,2007 Issue 39
469,48,"Show Yourselves, Straw Hat Crew<nowiki>!!!</nowiki>",19,2007-09-03,2007 Issue 40
470,48,Oars vs. Straw Hat Pirates,19,2007-09-10,2007 Issue 41
471,49,My Friend,19,2007-09-22,2007 Issue 43
472,49,Down,19,2007-10-01,2007 Issue 44
473,49,Warlord Bartholomew Kuma Appears,19,2007-10-06,2007 Issue 45
474,49,We Have To Do It!,19,2007-10-15,2007 Issue 46
475,49,Pirates of the Forest,19,2007-10-22,2007 Issue 47
476,49,Nightmare Luffy,19,2007-10-29,2007 Issue 48
477,49,⅜,19,2007-11-05,2007 Issue 49
478,49,Luffy vs. Luffy,19,2007-11-12,2007 Issue 50
479,49,Warrior of Hope,19,2007-11-19,2007 Issue 51
480,49,Interception,19,2007-12-03,2008 Issue 1
481,49,Shadow's Asgard,19,2007-12-10,2008 Issue 2
482,50,Morning Is Coming,19,2007-12-17,2008 Issue 3
483,50,The End of The Dream,19,2007-12-25,2008 Issue 4-5
484,50,Squish,19,2008-01-04,2008 Issue 6-7
485,50,Straw Hat Pirates - Pirate Hunter Zoro,19,2008-01-21,2008 Issue 8
486,50,Piano,19,2008-01-28,2008 Issue 9
487,50,That Song,19,2008-02-04,2008 Issue 10
488,50,Song of Life,19,2008-02-09,2008 Issue 11
489,50,The Eighth,19,2008-02-25,2008 Issue 13
490,50,Arriving Again,19,2008-03-03,2008 Issue 14
491,50,Flying Fish Riders,19,2008-03-10,2008 Issue 15
492,51,Iron Mask Duval,19,2008-03-17,2008 Issue 16
493,51,You Know Me,19,2008-03-24,2008 Issue 17
494,51,Duval's Tragedy,19,2008-03-31,2008 Issue 18
495,51,Gaon Cannon,19,2008-04-07,2008 Issue 19
496,51,Yarukiman Mangrove,19,2008-04-14,2008 Issue 20
497,51,Adventure on the Archipelago of Dancing Soap Bubbles,19,2008-04-21,2008 Issue 21
498,51,The Eleven Supernovas,19,2008-04-28,2008 Issue 22-23
499,51,Sabaody Park,19,2008-05-19,2008 Issue 25
500,51,The Embers of History,19,2008-05-26,2008 Issue 26
501,51,The World Begins to Swell,19,2008-06-02,2008 Issue 27
502,51,The Incident of the Celestial Dragons,19,2008-06-09,2008 Issue 28
503,52,Aggravated Island,19,2008-06-16,2008 Issue 29
504,52,Pirate Front Line on the Move!!,19,2008-06-23,2008 Issue 30
505,52,Kuma,19,2008-06-30,2008 Issue 31
506,52,Roger and Rayleigh,19,2008-07-07,2008 Issue 32
507,52,Kizaru Arrives,19,2008-07-19,2008 Issue 34
508,52,Island of Carnage,19,2008-07-28,2008 Issue 35
509,52,Kizaru vs. Four Captains,19,2008-08-04,2008 Issue 36
510,52,Straw Hat Crew vs. Combat Weapon,19,2008-08-11,2008 Issue 37-38
511,52,Axe-Carrying Sentomaru,19,2008-08-25,2008 Issue 39
512,52,"Zoro, Gone",19,2008-09-01,2008 Issue 40
513,53,Beyond Rescue!!!,19,2008-09-08,2008 Issue 41
514,53,Mushrooms-Grow-From-the-Body Mushroom,19,2008-09-13,2008 Issue 42
515,53,Adventure on the Island of Women,19,2008-09-22,2008 Issue 43
516,53,Pirate Empress Boa Hancock,19,2008-09-29,2008 Issue 44
517,53,Bathing,19,2008-10-06,2008 Issue 45
518,53,The Arena,19,2008-10-11,2008 Issue 46
519,53,A King's Disposition,19,2008-10-27,2008 Issue 48
520,53,Eye of the Gorgon,19,2008-11-01,2008 Issue 49
521,53,Hoof of the Celestial Dragon,19,2008-11-10,2008 Issue 50
522,53,Fatal Illness,19,2008-11-17,2008 Issue 51
523,54,Hell,19,2008-11-22,2008 Issue 52
524,54,No One Can Stop This Now,19,2008-12-01,2009 Issue 1
525,54,The Underwater Prison Impel Down,17,2008-12-08,2009 Issue 2
526,54,Adventure in the Great Prison,21,2008-12-22,2009 Issue 4-5
527,54,Level 1 Crimson Hell,19,2009-01-05,2009 Issue 6-7
528,54,"Jinbe, Knight of the Sea",19,2009-01-19,2009 Issue 8
529,54,Level 2 Wild Beast Hell,19,2009-01-26,2009 Issue 9
530,54,From One Hell to Another,19,2009-02-02,2009 Issue 10
531,54,Level 3 Starvation Hell,19,2009-02-09,2009 Issue 11
532,54,Jailer Beast Minotaurus,19,2009-02-16,2009 Issue 12
533,55,Level 4 Inferno Hell,19,2009-02-23,2009 Issue 13
534,55,Chief Warden Magellan vs. Pirate Luffy,19,2009-03-09,2009 Issue 15
535,55,Friend,19,2009-03-16,2009 Issue 16
536,55,Level 5 Frozen Hell,19,2009-03-23,2009 Issue 17
537,55,Okama in Hell,19,2009-03-30,2009 Issue 18
538,55,Level 5.5 Newkama Land,19,2009-04-06,2009 Issue 19
539,55,Emporio Tension Hormone,19,2009-04-13,2009 Issue 20
540,55,Level 6 Eternal Hell,19,2009-04-27,2009 Issue 22-23
541,55,The Likes of Which It Has Never Seen,19,2009-05-11,2009 Issue 24
542,56,Another Incident to Be Told,19,2009-05-18,2009 Issue 25
543,56,Straw Hat and Blackbeard,19,2009-05-25,2009 Issue 26
544,56,The Lid to the Cauldron of Hell Opens,19,2009-06-01,2009 Issue 27
545,56,To the Sunshine in Outside World,19,2009-06-08,2009 Issue 28
546,56,"Fish-Man Pirate Captain Jinbe, Warlord of the Sea",17,2009-06-15,2009 Issue 29
547,56,Escaping the Island,19,2009-06-22,2009 Issue 30
548,56,Thank You,19,2009-06-29,2009 Issue 31
549,56,Ship Sailing Forth,19,2009-07-06,2009 Issue 32
550,56,Marine Headquarters,19,2009-07-18,2009 Issue 34
551,56,Whitebeard of the Four Emperors,19,2009-07-27,2009 Issue 35
552,57,Ace and Whitebeard,19,2009-08-03,2009 Issue 36
553,57,Summit Battle,17,2009-08-10,2009 Issue 37-38
554,57,Admiral Akainu,15,2009-08-24,2009 Issue 39
555,57,Oars and the Kasa,19,2009-08-31,2009 Issue 40
556,57,Justice Will Prevail!!,17,2009-09-07,2009 Issue 41
557,57,Luffy and Whitebeard,17,2009-09-19,2009 Issue 43
558,57,Little Brother,17,2009-09-28,2009 Issue 44
559,57,Destiny,17,2009-10-05,2009 Issue 45
560,57,Prisoners of Impel Down,17,2009-10-10,2009 Issue 46
561,57,Luffy vs. Mihawk,17,2009-10-26,2009 Issue 48
562,57,Pirate Maelstrom Spider Squard,17,2009-11-02,2009 Issue 49
563,58,"One Heart, One Man",17,2009-11-09,2009 Issue 50
564,58,The Man Who Shook the World,17,2009-11-21,2009 Issue 52
565,58,Oars' Path,17,2009-11-30,2009 Issue 53
566,58,Raid,19,2009-12-07,2010 Issue 1
567,58,Marineford Marine Headquarters - Oris Plaza,19,2009-12-14,2010 Issue 2
568,58,Have It Your Way!,15,2009-12-21,2010 Issue 3-4
569,58,White Monster,15,2010-01-04,2010 Issue 5-6
570,58,The Bridge of Life,15,2010-01-18,2010 Issue 7
571,58,The Execution Platform,17,2010-01-25,2010 Issue 8
572,58,The Times They Are A-Changin',17,2010-02-01,2010 Issue 9
573,58,"The Name of This Era is ""Whitebeard""",17,2010-02-08,2010 Issue 10
574,59,Portgas D. Ace Dies,17,2010-02-15,2010 Issue 11
575,59,Voiceless Rage,15,2010-02-22,2010 Issue 12
576,59,The Great Pirate Edward Newgate,17,2010-03-08,2010 Issue 14
577,59,Outrageous Events One After Another,17,2010-03-15,2010 Issue 15
578,59,A Gift for the New Era,19,2010-03-20,2010 Issue 16
579,59,Seconds of Courage,17,2010-03-29,2010 Issue 17
580,59,The War's Conclusion,15,2010-04-05,2010 Issue 18
581,59,Creeping Future,17,2010-04-19,2010 Issue 20
582,59,Luffy and Ace,19,2010-04-26,2010 Issue 21-22
583,59,Gray Terminal - The Final Destination of the Uncertainty,17,2010-05-10,2010 Issue 23
584,59,Incident With Porchemy,17,2010-05-17,2010 Issue 24
585,60,Brothers' Sake Cups,19,2010-05-24,2010 Issue 25
586,60,City of Stench,19,2010-05-31,2010 Issue 26
587,60,I Will Not Run Away,19,2010-06-07,2010 Issue 27
588,60,Sabo's Ocean,19,2010-06-14,2010 Issue 28
589,60,Will of the Winds,19,2010-06-28,2010 Issue 30
590,60,My Little Brother,19,2010-07-05,2010 Issue 31
591,60,Are You Sure About That?,19,2010-07-12,2010 Issue 32
592,60,Yell,19,2010-07-17,2010 Issue 33
593,60,NEWS,19,2010-07-26,2010 Issue 34
594,60,Message,19,2010-08-02,2010 Issue 35
595,61,The Pledge,19,2010-08-09,2010 Issue 36-37
596,61,SPECTRUM,19,2010-08-23,2010 Issue 38
597,61,<s>3D</s>2Y,19,2010-08-30,2010 Issue 39
598,61,2 Years Later,24,2010-10-04,2010 Issue 44
599,61,Nine Pirates,19,2010-10-09,2010 Issue 45
600,61,Island of New Beginnings,19,2010-10-18,2010 Issue 46
601,61,Romance Dawn For the New World:<br />The Dawn of an Adventure<br />into a New World,19,2010-10-25,2010 Issue 47
602,61,Downward Ho!!,17,2010-11-01,2010 Issue 48
603,61,Keep It In Your Heart,17,2010-11-08,2010 Issue 49
604,62,Into the Depths,19,2010-11-15,2010 Issue 50
605,62,The Kraken and the Pirates,19,2010-11-29,2010 Issue 52
606,62,Deep Sea Adventure,17,2010-12-06,2011 Issue 1
607,62,"10,000 Meters Under the Sea",17,2010-12-13,2011 Issue 2
608,62,Underwater Paradise,17,2010-12-20,2011 Issue 3-4
609,62,Adventure on Fish-Man Island,19,2011-01-04,2011 Issue 5-6
610,62,"Madam Shyarly, Fortune-Teller",15,2011-01-17,2011 Issue 7
611,62,Hody Jones,17,2011-01-24,2011 Issue 8
612,62,Taken by the Shark They Saved,19,2011-01-31,2011 Issue 9
613,62,The Mermaid Princess<br/>in Hard-Shell Tower,17,2011-02-07,2011 Issue 10
614,62,What's Done is Done,17,2011-02-14,2011 Issue 11
615,63,Mato Mato Curse,17,2011-02-21,2011 Issue 12
616,63,Anniversary for Revenge,17,2011-02-28,2011 Issue 13
617,63,Major Incident on Coral Hill,17,2011-03-14,2011 Issue 15
618,63,Proposal,19,2011-03-19,2011 Issue 16
619,63,At the Sea Forest,17,2011-04-04,2011 Issue 17
620,63,The Longed-For Amusement Park,17,2011-04-11,2011 Issue 18
621,63,Otohime and Tiger,17,2011-04-18,2011 Issue 19
622,63,The Sun Pirates,19,2011-04-25,2011 Issue 20-21
623,63,Fisher Tiger the Pirate,19,2011-05-09,2011 Issue 22
624,63,Queen Otohime,17,2011-05-16,2011 Issue 23
625,63,Uninherited Will,19,2011-05-23,2011 Issue 24
626,63,The Three Neptune Brothers,19,2011-05-30,2011 Issue 25
627,64,You Have My Gratitude,19,2011-06-06,2011 Issue 26
628,64,Spring Cleaning,19,2011-06-20,2011 Issue 28
629,64,Former Warlord in the Way,19,2011-06-27,2011 Issue 29
630,64,Getting Violent,19,2011-07-04,2011 Issue 30
631,64,Gyoncorde Plaza,19,2011-07-11,2011 Issue 31
632,64,I Knew,19,2011-07-16,2011 Issue 32
633,64,Friend or Foe,19,2011-08-01,2011 Issue 34
634,64,"100,000 vs. 10",19,2011-08-08,2011 Issue 35-36
635,64,So Scared I Ran Up to the Sky,19,2011-08-22,2011 Issue 37
636,64,General from Futureland,19,2011-08-29,2011 Issue 38
637,65,The Ancient Ark,19,2011-09-05,2011 Issue 39
638,65,Escape-Hoshi,19,2011-09-12,2011 Issue 40
639,65,Protect Everything,19,2011-09-17,2011 Issue 41
640,65,Above Fish-Man Island,19,2011-09-26,2011 Issue 42
641,65,What Are You?,19,2011-10-08,2011 Issue 44
642,65,Lost All Face,19,2011-10-17,2011 Issue 45
643,65,Phantom,19,2011-10-24,2011 Issue 46
644,65,To Zero,19,2011-10-31,2011 Issue 47
645,65,Death Is Another Form of Revenge,19,2011-11-07,2011 Issue 48
646,65,Frog,19,2011-11-21,2011 Issue 50
647,66,"Stop, Noah",19,2011-11-28,2011 Issue 51
648,66,The Road Toward the Sun,19,2011-12-05,2012 Issue 1
649,66,The Dance of Sea Breams and Flounders,19,2011-12-12,2012 Issue 2
650,66,Two Changes to Be Aware Of,17,2011-12-19,2012 Issue 3-4
651,66,A Voice From the New World,19,2012-01-04,2012 Issue 5-6
652,66,Grim Premonitions,17,2012-01-16,2012 Issue 7
653,66,The Hero Hat,19,2012-01-23,2012 Issue 8
654,66,Gam,19,2012-01-30,2012 Issue 9
655,66,Punk Hazard,19,2012-02-06,2012 Issue 10
656,66,Adventure on the Burning Island,19,2012-02-13,2012 Issue 11
657,67,Severed Head,17,2012-02-20,2012 Issue 12
658,67,Biscuits Room,19,2012-03-05,2012 Issue 14
659,67,About My Torso,19,2012-03-12,2012 Issue 15
660,67,"Trafalgar Law, Warlord of the Sea",19,2012-03-19,2012 Issue 16
661,67,The Lake of Bandits,19,2012-03-26,2012 Issue 17
662,67,Warlord Law Vs. Vice Admiral Smoker,19,2012-04-02,2012 Issue 18
663,67,CC,19,2012-04-16,2012 Issue 20
664,67,Master Caesar Clown,19,2012-04-23,2012 Issue 21-22
665,67,CANDY,17,2012-05-07,2012 Issue 23
666,67,Yeti Cool Brothers,17,2012-05-14,2012 Issue 24
667,67,COOL FIGHT,19,2012-05-21,2012 Issue 25
668,68,Pirate Alliance,19,2012-05-28,2012 Issue 26
669,68,Commence Operation,17,2012-06-04,2012 Issue 27
670,68,Blizzard With a Chance of Slime,17,2012-06-11,2012 Issue 28
671,68,Gasu Gasu no Mi,17,2012-06-18,2012 Issue 29
672,68,<nowiki>My Name Is Kin'emon!!</nowiki>,19,2012-07-02,2012 Issue 31
673,68,Vergo and Joker,19,2012-07-09,2012 Issue 32
674,68,The Observers,17,2012-07-14,2012 Issue 33
675,68,"I Call It ""Shinokuni""",19,2012-07-30,2012 Issue 35
676,68,The Perfect Weapon of Mass Murder,19,2012-08-06,2012 Issue 36-37
677,68,COUNTER HAZARD<nowiki>!!</nowiki>,19,2012-08-20,2012 Issue 38
678,68,Lobby of Laboratory Section A,17,2012-08-27,2012 Issue 39
679,69,The G-5 Spirit,19,2012-09-03,2012 Issue 40
680,69,Marine G-5 Base Commander Vergo the Demon Bamboo,19,2012-09-10,2012 Issue 41
681,69,Luffy vs. Master,19,2012-09-15,2012 Issue 42
682,69,Puppet Master,19,2012-09-24,2012 Issue 43
683,69,An Icy Woman,19,2012-10-06,2012 Issue 45
684,69,"Don't Do It, Vegapunk",19,2012-10-15,2012 Issue 46
685,69,My Name is Momonosuke<nowiki>!!</nowiki>,19,2012-10-22,2012 Issue 47
686,69,The Snow Woman in the Biscuits Room,19,2012-10-29,2012 Issue 48
687,69,Wild Beast,19,2012-11-05,2012 Issue 49
688,69,Mocha,19,2012-11-12,2012 Issue 50
689,69,A Seemingly Non-Existent Island,19,2012-11-26,2012 Issue 52
690,69,SAD,19,2012-12-03,2013 Issue 1
691,70,King of Shinokuni,21,2012-12-10,2013 Issue 2
692,70,Assassins from Dressrosa,19,2012-12-17,2013 Issue 3
693,70,Die for Me,17,2012-12-22,2013 Issue 4-5
694,70,The Most Dangerous Man,17,2013-01-04,2013 Issue 6-7
695,70,Leave It to Us!!!,19,2013-01-21,2013 Issue 8
696,70,Alignment of Interests,19,2013-01-28,2013 Issue 9
697,70,A Deal,19,2013-02-04,2013 Issue 10
698,70,Doflamingo Appears,19,2013-02-09,2013 Issue 11
699,70,Morning Edition,19,2013-02-25,2013 Issue 13
700,70,His Own Pace,19,2013-03-04,2013 Issue 14
701,71,"Adventure in the Land of Love, Passion, and Toys",19,2013-03-11,2013 Issue 15
702,71,Corrida Colosseum,15,2013-03-25,2013 Issue 17
703,71,Waiting Room,19,2013-04-01,2013 Issue 18
704,71,Lucy and the Statue of Kyros,19,2013-04-08,2013 Issue 19
705,71,Maynard the Pursuer,19,2013-04-15,2013 Issue 20
706,71,I Won't Laugh at You,15,2013-04-22,2013 Issue 21
707,71,B Block,17,2013-04-27,2013 Issue 22-23
708,71,Colosseum of Scoundrels,15,2013-05-13,2013 Issue 24
709,71,King Punch<nowiki>!!</nowiki>,19,2013-05-20,2013 Issue 25
710,71,To Green Bit,19,2013-06-10,2013 Issue 28
711,71,Adventure in the Land of Dwarves,19,2013-06-17,2013 Issue 29
712,72,Violet,19,2013-07-01,2013 Issue 31
713,72,Usoland,19,2013-07-08,2013 Issue 32
714,72,Lucy and Ucy,19,2013-07-13,2013 Issue 33
715,72,Closely Contested C Block,19,2013-07-22,2013 Issue 34
716,72,Don Chinjao,19,2013-08-05,2013 Issue 36
717,72,Dressrosa's Forgotten,19,2013-08-12,2013 Issue 37-38
718,72,Riku Royal Army on the Flower Hill,19,2013-08-26,2013 Issue 39
719,72,"Open, Chinjao",19,2013-09-02,2013 Issue 40
720,72,Prison-Gladiators,19,2013-09-09,2013 Issue 41
721,72,Rebecca and Soldier-san,19,2013-09-14,2013 Issue 42
722,73,Royal Bloodlines,19,2013-09-30,2013 Issue 44
723,73,Change of Plans,19,2013-10-07,2013 Issue 45
724,73,Law's Plan,19,2013-10-12,2013 Issue 46
725,73,The Undefeated Woman,17,2013-10-21,2013 Issue 47
726,73,The Riku Family,19,2013-11-02,2013 Issue 49
727,73,The Lurking Hero,19,2013-11-11,2013 Issue 50
728,73,The Number of Tragedies,19,2013-11-18,2013 Issue 51
729,73,Warlord Doflamingo vs. Warlord Law,17,2013-11-25,2013 Issue 52
730,73,3 Cards,19,2013-12-09,2014 Issue 2
731,73,Operation Dressrosa SOP,19,2013-12-16,2014 Issue 3
732,74,An Underground World,19,2013-12-21,2014 Issue 4-5
733,74,What Soldier-san Wants,19,2014-01-04,2014 Issue 6-7
734,74,The Kamaitachi of Rommel,19,2014-01-20,2014 Issue 8
735,74,Fujitora's Intention,19,2014-01-27,2014 Issue 9
736,74,Executive Officer Diamante,19,2014-02-03,2014 Issue 10
737,74,Officer's Tower,19,2014-02-10,2014 Issue 11
738,74,"Trebol Army, Special Officer Sugar",19,2014-02-24,2014 Issue 13
739,74,Commander,19,2014-03-03,2014 Issue 14
740,74,It's in Your Hands!!!,19,2014-03-10,2014 Issue 15
741,74,Usoland the Liar,19,2014-03-17,2014 Issue 16
742,74,I'll Always Be By Your Side,19,2014-03-31,2014 Issue 18
743,75,Dressrosa Trembles,19,2014-04-07,2014 Issue 19
744,75,Revolutionary Army Chief of Staff,19,2014-04-14,2014 Issue 20
745,75,The Birdcage,19,2014-04-28,2014 Issue 22-23
746,75,Stars,19,2014-05-12,2014 Issue 24
747,75,Executive Officer Pica,19,2014-05-19,2014 Issue 25
748,75,My Repayment,17,2014-05-26,2014 Issue 26
749,75,March Forward<nowiki>!!</nowiki> Army of Rascals,17,2014-06-02,2014 Issue 27
750,75,The State of the War,19,2014-06-23,2014 Issue 30
751,75,Sabo vs. Admiral Fujitora,17,2014-06-30,2014 Issue 31
752,75,Palm,17,2014-07-07,2014 Issue 32
753,76,Battle,17,2014-07-19,2014 Issue 34
754,76,Pleased to Make Your Acquaintance,17,2014-07-28,2014 Issue 35
755,76,A Man's World,17,2014-08-04,2014 Issue 36
756,76,The Fourth Step,19,2014-08-11,2014 Issue 37-38
757,76,Trump Card,17,2014-08-25,2014 Issue 39
758,76,Just Keep Going,17,2014-09-01,2014 Issue 40
759,76,Secret Plan,17,2014-09-08,2014 Issue 41
760,76,The Same Bet,13,2014-09-13,2014 Issue 42
761,76,Ope Ope no Mi,15,2014-09-22,2014 Issue 43
762,76,The White Town,17,2014-10-06,2014 Issue 45
763,76,Declaration of Humanity,17,2014-10-11,2014 Issue 46
764,77,White Monster,19,2014-10-20,2014 Issue 47
765,77,"Minion, the Isle of Fate",17,2014-10-27,2014 Issue 48
766,77,Smile,17,2014-11-10,2014 Issue 50
767,77,Cora-san,17,2014-11-17,2014 Issue 51
768,77,The Trigger That Day,15,2014-11-22,2014 Issue 52
769,77,Bellamy the Pirate,17,2014-12-01,2015 Issue 1
770,77,The Spear of Elbaph,17,2014-12-15,2015 Issue 3
771,77,"Sai, Don of the Happo Navy",19,2014-12-22,2015 Issue 4-5
772,77,Cabbage & Lomeo,17,2015-01-05,2015 Issue 6-7
773,77,Half & Half,19,2015-01-19,2015 Issue 8
774,77,"Leo, Chief of the Tontatta Tribe Warriors",15,2015-01-26,2015 Issue 9
775,77,To Russian With Love,19,2015-02-02,2015 Issue 10
776,78,Hero of the Colosseum,19,2015-02-16,2015 Issue 12
777,78,Zoro vs. Pica,19,2015-02-23,2015 Issue 13
778,78,Tactics No. 5,19,2015-03-02,2015 Issue 14
779,78,The Last Fight,19,2015-03-09,2015 Issue 15
780,78,The Heart Curse,15,2015-03-23,2015 Issue 17
781,78,Long-Cherished Desire,19,2015-03-30,2015 Issue 18
782,78,The Charisma of Evil,19,2015-04-06,2015 Issue 19
783,78,In My Way,19,2015-04-13,2015 Issue 20
784,78,Gear 4,19,2015-04-27,2015 Issue 22-23
785,78,Even If Your Legs Break,19,2015-05-11,2015 Issue 24
786,79,Gatz,17,2015-05-18,2015 Issue 25
787,79,4 Minutes Before,17,2015-05-25,2015 Issue 26
788,79,My Battle,17,2015-06-01,2015 Issue 27
789,79,Lucy<nowiki>!!</nowiki>,19,2015-06-08,2015 Issue 28
790,79,Heaven and Earth,19,2015-06-22,2015 Issue 30
791,79,Rubble,17,2015-06-29,2015 Issue 31
792,79,Prostration,15,2015-07-06,2015 Issue 32
793,79,Tiger and Dog,15,2015-07-13,2015 Issue 33
794,79,Sabo's Adventure,15,2015-07-18,2015 Issue 34
795,79,Suicide,17,2015-08-03,2015 Issue 36
796,80,Soldier-san's Conviction,19,2015-08-10,2015 Issue 37-38
797,80,Rebecca,17,2015-08-24,2015 Issue 39
798,80,Heart,17,2015-08-31,2015 Issue 40
799,80,Parent and Child,17,2015-09-07,2015 Issue 41
800,80,Followers's Sake Cups,17,2015-09-19,2015 Issue 43
801,80,Opening Speech,17,2015-09-28,2015 Issue 44
802,80,Zou,17,2015-10-05,2015 Issue 45
803,80,Elephant Climbing,13,2015-10-10,2015 Issue 46
804,80,Adventure in the Land Atop the Elephant's Back,17,2015-10-26,2015 Issue 48
805,80,The Mink Tribe,17,2015-11-02,2015 Issue 49
806,80,At the Fortress of Right Belly,17,2015-11-09,2015 Issue 50
807,81,10 Days Earlier,17,2015-11-21,2015 Issue 52
808,81,Duke Inuarashi,17,2015-11-30,2015 Issue 53
809,81,Master Nekomamushi,19,2015-12-07,2016 Issue 1
810,81,The Curly Hat Pirates Arrive,17,2015-12-21,2016 Issue 3-4
811,81,Roko,19,2016-01-04,2016 Issue 5-6
812,81,"Capone ""Gang"" Bege",17,2016-01-18,2016 Issue 7
813,81,Tea Party Invitation,17,2016-01-25,2016 Issue 8
814,81,Let's Go See Master Nekomamushi,17,2016-02-01,2016 Issue 9
815,81,Take Me with You!!,17,2016-02-08,2016 Issue 10
816,81,Dog vs. Cat,17,2016-02-15,2016 Issue 11
817,82,Raizo of the Mist,19,2016-02-29,2016 Issue 13
818,82,Inside the Whale,17,2016-03-07,2016 Issue 14
819,82,"Momonosuke, Heir to the Kouzuki Family",17,2016-03-14,2016 Issue 15
820,82,Dog and Cat Have a History,17,2016-03-19,2016 Issue 16
821,82,Understood,19,2016-04-04,2016 Issue 18
822,82,Descending the Elephant,17,2016-04-11,2016 Issue 19
823,82,The World is Restless,17,2016-04-18,2016 Issue 20
824,82,Whim,19,2016-04-25,2016 Issue 21-22
825,82,The WENP's Comic Strip,13,2016-05-09,2016 Issue 23
826,82,0 and 4,17,2016-05-23,2016 Issue 25
827,82,Totto Land,17,2016-05-30,2016 Issue 26
828,83,1 and 2,17,2016-06-06,2016 Issue 27
829,83,"Emperor of the Sea, Charlotte Linlin",18,2016-06-20,2016 Issue 29
830,83,A Man You Can Bet On,17,2016-06-27,2016 Issue 30
831,83,Adventure in the Mysterious Forest,17,2016-07-04,2016 Issue 31
832,83,Germa Kingdom,19,2016-07-16,2016 Issue 33
833,83,Vinsmoke Judge,19,2016-07-25,2016 Issue 34
834,83,My Dream,17,2016-08-01,2016 Issue 35
835,83,The Nation of Souls,19,2016-08-08,2016 Issue 36-37
836,83,The Vivre Card Lola Gave,15,2016-08-22,2016 Issue 38
837,83,Luffy vs. Commander Cracker,17,2016-08-29,2016 Issue 39
838,83,Choniki,17,2016-09-05,2016 Issue 40
839,84,I Owe You My Life,17,2016-09-17,2016 Issue 42
840,84,The Iron Mask,17,2016-09-26,2016 Issue 43
841,84,To the East Blue,17,2016-10-03,2016 Issue 44
842,84,The Power of a Full Stomach,15,2016-10-08,2016 Issue 45
843,84,Vinsmoke Sanji,19,2016-10-24,2016 Issue 47
844,84,Luffy vs. Sanji,17,2016-10-31,2016 Issue 48
845,84,Forces of Rage,17,2016-11-07,2016 Issue 49
846,84,Tamago Security,17,2016-11-21,2016 Issue 51
847,84,Luffy and Big Mom,17,2016-11-28,2016 Issue 52
848,84,Goodbye,19,2016-12-05,2017 Issue 1
849,85,Choniki in the Land of Mirrors,17,2016-12-12,2017 Issue 2-3
850,85,A Ray of Light,17,2016-12-26,2017 Issue 4-5
851,85,Moist Cigarette,17,2017-01-07,2017 Issue 6
852,85,Germa's Failure,17,2017-01-16,2017 Issue 7
853,85,Not Here,17,2017-01-30,2017 Issue 9
854,85,What Are You Doing?,17,2017-02-06,2017 Issue 10
855,85,Gugyurururu!!!,17,2017-02-13,2017 Issue 11
856,85,Liar,17,2017-02-20,2017 Issue 12
857,85,Rook,17,2017-03-06,2017 Issue 14
858,85,Meeting,19,2017-03-13,2017 Issue 15
859,86,Emperor Assassination Plan,17,2017-03-18,2017 Issue 16
860,86,10:00 Opening of the Banquet,17,2017-03-27,2017 Issue 17
861,86,Good Actor,17,2017-04-03,2017 Issue 18
862,86,The Intelligent Ones,17,2017-04-17,2017 Issue 20
863,86,The Honorable,19,2017-04-24,2017 Issue 21-22
864,86,The Vinsmoke Massacre Plot,17,2017-05-08,2017 Issue 23
865,86,"Hey, Mother",17,2017-05-15,2017 Issue 24
866,86,Natural Born Destroyer,17,2017-05-29,2017 Issue 26
867,86,Happy Birthday,17,2017-06-05,2017 Issue 27
868,86,KX Launcher,17,2017-06-12,2017 Issue 28
869,86,Under Siege,19,2017-06-19,2017 Issue 29
870,87,Parting,17,2017-07-03,2017 Issue 31
871,87,"You Can Do It, Caesar!!",17,2017-07-10,2017 Issue 32
872,87,Thick and Fluffy,19,2017-07-15,2017 Issue 33
873,87,Trapped Like Sweets in a Cage,17,2017-07-24,2017 Issue 34
874,87,Be My Servant,19,2017-08-07,2017 Issue 36-37
875,87,A Woman's Honor,17,2017-08-21,2017 Issue 38
876,87,Pudding Coincidentally Appears!!,17,2017-08-28,2017 Issue 39
877,87,Not Sweet,17,2017-09-04,2017 Issue 40
878,87,Captain Pedro of the Mink Tribe Guardians,19,2017-09-16,2017 Issue 42
879,87,"One of Big Mom's ""3 Sweet Commanders"", Katakuri",17,2017-09-25,2017 Issue 43
880,88,Zero Escape,17,2017-10-02,2017 Issue 44
881,88,Wave Room,17,2017-10-07,2017 Issue 45
882,88,Beyond the Emperor's Expectations,17,2017-10-23,2017 Issue 47
883,88,Merienda,17,2017-10-30,2017 Issue 48
884,88,Who Is That?,17,2017-11-06,2017 Issue 49
885,88,It's Brûlée!!!,17,2017-11-13,2017 Issue 50
886,88,Way of Life,19,2017-11-27,2017 Issue 52
887,88,Somewhere Someone is Wishing for Your Happiness,17,2017-12-04,2018 Issue 1
888,88,Lion,17,2017-12-11,2018 Issue 2-3
889,88,Unfamiliar Mama,17,2017-12-25,2018 Issue 4-5
890,89,Big Mom on the Ship,19,2018-01-04,2018 Issue 6
891,89,They Believe in Me,17,2018-01-15,2018 Issue 7
892,89,Recognized as Strong Opponents,17,2018-01-29,2018 Issue 9
893,89,"Flampe, 36th Daughter of Charlotte",17,2018-02-05,2018 Issue 10
894,89,12:05,17,2018-02-10,2018 Issue 11
895,89,Luffy the Pirate vs. Commander Katakuri,17,2018-02-19,2018 Issue 12
896,89,The Last Request,17,2018-03-05,2018 Issue 14
897,89,Pekoms' Cacao Island Escape Plan,17,2018-03-12,2018 Issue 15
898,89,We'll Definitely Return,17,2018-03-19,2018 Issue 16
899,89,The Final Fortress,17,2018-03-26,2018 Issue 17
900,89,Bad End Musical,19,2018-04-02,2018 Issue 18
901,90,"Even If You Die, Don't Die!!!",17,2018-04-16,2018 Issue 20
902,90,End Roll,19,2018-04-23,2018 Issue 21-22
903,90,Fifth Emperor,17,2018-05-02,2018 Issue 23
904,90,Introducing the Revolutionary Army Commanders,15,2018-05-14,2018 Issue 24
905,90,A Beautiful World,17,2018-05-28,2018 Issue 26
906,90,The Holy Land Mary Geoise,17,2018-06-04,2018 Issue 27
907,90,The Empty Throne,17,2018-06-11,2018 Issue 28
908,90,The Levely Begins,17,2018-06-18,2018 Issue 29
909,90,Seppuku,17,2018-07-02,2018 Issue 31
910,90,Onward to Wano Country,17,2018-07-09,2018 Issue 32
911,91,Adventure in the Land of Samurai,19,2018-07-14,2018 Issue 33
912,91,Amigasa Village,19,2018-07-23,2018 Issue 34
913,91,Tsuru Returns the Favor,17,2018-08-06,2018 Issue 36-37
914,91,Okobore Town,17,2018-08-20,2018 Issue 38
915,91,Bakura Town,17,2018-08-27,2018 Issue 39
916,91,Wano Country Grand Sumo Tournament,19,2018-09-03,2018 Issue 40
917,91,The Treasure Ship of Provisions,17,2018-09-15,2018 Issue 42
918,91,Luffy-tarou Returns the Favor,17,2018-09-22,2018 Issue 43
919,91,The Ruins of Oden Castle,17,2018-10-01,2018 Issue 44
920,91,I Love Oden,17,2018-10-06,2018 Issue 45
921,91,Shutenmaru,19,2018-10-22,2018 Issue 47
922,92,Governor-General Kaidou of the Beasts Pirates,17,2018-10-29,2018 Issue 48
923,92,Emperor of the Sea Kaidou vs. Luffy,17,2018-11-05,2018 Issue 49
924,92,Ha,15,2018-11-12,2018 Issue 50
925,92,Blank,17,2018-11-26,2018 Issue 52
926,92,The Prisoner Mine,17,2018-12-03,2019 Issue 1
927,92,O-Toko the Kamuro,15,2018-12-10,2019 Issue 2
928,92,Introducing Komurasaki the Oiran,17,2018-12-22,2019 Issue 4-5
929,92,"Shogun of Wano Country, Kurozumi Orochi",18,2019-01-07,2019 Issue 6-7
930,92,Ebisu Town,17,2019-01-21,2019 Issue 8
931,92,O-Soba Mask,17,2019-02-04,2019 Issue 10
932,93,Shogun and Oiran,17,2019-02-09,2019 Issue 11
933,93,A Warrior's Mercy,17,2019-02-18,2019 Issue 12
934,93,Hyougoro of the Flower,15,2019-02-25,2019 Issue 13
935,93,Queen,17,2019-03-11,2019 Issue 15
936,93,The Grand Sumo Inferno,17,2019-03-18,2019 Issue 16
937,93,Gyukimaru on Oihagi Bridge,17,2019-03-25,2019 Issue 17
938,93,A Woman's Secret,13,2019-04-01,2019 Issue 18
939,93,The Old Leopard Never Forgets the Way,17,2019-04-15,2019 Issue 20
940,93,Sparks of Rebellion,17,2019-04-22,2019 Issue 21
941,93,The Star of Ebisu Town,17,2019-04-27,2019 Issue 22-23
942,93,"Daimyo of Hakumai, Shimotsuki Yasuie",17,2019-05-13,2019 Issue 24
943,94,SMILE,17,2019-05-27,2019 Issue 26
944,94,Partner,17,2019-06-03,2019 Issue 27
945,94,O-Lin,19,2019-06-10,2019 Issue 28
946,94,Queen vs. O-Lin,17,2019-06-24,2019 Issue 30
947,94,Queen's Gamble,17,2019-07-01,2019 Issue 31
948,94,Introducing Kawamatsu the Kappa,17,2019-07-08,2019 Issue 32
949,94,Mummy,19,2019-07-22,2019 Issue 34
950,94,The Warriors' Dreams,17,2019-07-29,2019 Issue 35
951,94,Rampage,19,2019-08-05,2019 Issue 36-37
952,94,Hiyori and Kawamatsu,17,2019-08-19,2019 Issue 38
953,94,Once a Fox,17,2019-08-26,2019 Issue 39
954,95,Like Giving Wings to a Dragon,15,2019-09-02,2019 Issue 40
955,95,Enma,17,2019-09-14,2019 Issue 42
956,95,Big News,17,2019-09-21,2019 Issue 43
957,95,Ultimate,19,2019-09-30,2019 Issue 44
958,95,The Promised Port,15,2019-10-07,2019 Issue 45
959,95,Samurai,17,2019-10-21,2019 Issue 47
960,95,Introducing Kouzuki Oden,17,2019-10-28,2019 Issue 48
961,95,The Mountain God Incident,17,2019-11-02,2019 Issue 49
962,95,Daimyo and Retainers,13,2019-11-18,2019 Issue 51
963,95,Becoming Samurai,17,2019-11-25,2019 Issue 52
964,95,Oden's Adventure,17,2019-12-02,2020 Issue 1
965,96,The Kurozumi Family's Plot,17,2019-12-16,2020 Issue 3
966,96,Roger and Whitebeard,17,2019-12-23,2020 Issue 4-5
967,96,Roger's Adventure,19,2020-01-04,2020 Issue 6-7
968,96,Oden's Return,17,2020-01-20,2020 Issue 8
969,96,Fool of a Lord,17,2020-01-27,2020 Issue 9
970,96,Oden vs. Kaidou,17,2020-02-03,2020 Issue 10
971,96,Sentenced to Boil,17,2020-02-17,2020 Issue 12
972,96,Oden Wouldn't Be Oden If It Wasn't Boiled,19,2020-02-22,2020 Issue 13
973,96,The Kouzuki Clan,17,2020-03-09,2020 Issue 15
974,96,Onward to Onigashima!!,17,2020-03-16,2020 Issue 16
975,97,Kin'emon's Clever Trick,17,2020-03-23,2020 Issue 17
976,97,Begging Your Pardon!!!,19,2020-04-06,2020 Issue 19
977,97,The Party's Off!!!,17,2020-04-13,2020 Issue 20
978,97,Introducing the Tobiroppo,17,2020-04-27,2020 Issue 21-22
979,97,Family Problem,17,2020-05-11,2020 Issue 23
980,97,Fighting Music,17,2020-05-25,2020 Issue 25
981,97,Joining the Fight,19,2020-06-08,2020 Issue 27
982,97,Scoundrel Meets Scoundrel,17,2020-06-15,2020 Issue 28
983,97,Thunder,17,2020-06-22,2020 Issue 29
984,97,My Bible,17,2020-07-06,2020 Issue 31
985,98,New Onigashima Project,19,2020-07-20,2020 Issue 33-34
986,98,My Name,17,2020-08-03,2020 Issue 35
987,98,The Brocade of Loyal Retainers,19,2020-08-11,2020 Issue 36-37
988,98,Sorry for the Wait,15,2020-08-24,2020 Issue 38
989,98,I Can't Imagine Losing,17,2020-09-07,2020 Issue 40
990,98,Army of One,17,2020-09-14,2020 Issue 41
991,98,Let Us Die!!!,17,2020-09-28,2020 Issue 43
992,98,Remnants,19,2020-10-17,2020 Issue 46
993,98,The Dream of Wano Country,17,2020-10-26,2020 Issue 47
994,98,My Other Name is Yamato,17,2020-11-02,2020 Issue 48
995,99,A Kunoichi's Oath,17,2020-11-16,2020 Issue 50
996,99,Island of the Strongest,17,2020-11-21,2020 Issue 51
997,99,Flame Clouds,17,2020-11-30,2020 Issue 52
998,99,Ancient Types,17,2020-12-14,2021 Issue 2
999,99,The Sake I Brewed to Drink With You,19,2020-12-21,2021 Issue 3-4
1000,99,Straw Hat Luffy,19,2021-01-04,2021 Issue 5-6
1001,99,Battle of Monsters on Onigashima,17,2021-01-18,2021 Issue 7
1002,99,Four Emperors vs. New Generation,17,2021-02-01,2021 Issue 9
1003,99,Night on the Board,17,2021-02-08,2021 Issue 10
1004,99,Kibi Dango,17,2021-02-15,2021 Issue 11
1005,100,Devil Child,17,2021-03-01,2021 Issue 13
1006,100,The Honorable Hyougoro of the Flower,19,2021-03-08,2021 Issue 14
1007,100,Tanuki-san,17,2021-03-15,2021 Issue 15
1008,100,"Leader of the Mt. Atama Thieves, Ashura Doji",17,2021-03-29,2021 Issue 17
1009,100,Naraku,19,2021-04-05,2021 Issue 18
1010,100,Color of the Supreme King,17,2021-04-12,2021 Issue 19
1011,100,The Code of Anko,19,2021-04-26,2021 Issue 21-22
1012,100,Itch,15,2021-05-10,2021 Issue 23
1013,100,Anarchy In The B.M.,17,2021-05-17,2021 Issue 24
1014,100,Life's Lousy Actor,17,2021-05-31,2021 Issue 26
1015,100,Chains,17,2021-06-07,2021 Issue 27
1016,101,This is O-Tama!!,15,2021-06-14,2021 Issue 28
1017,101,The Order,17,2021-06-28,2021 Issue 30
1018,101,Jinbe vs. Who's-Who,17,2021-07-05,2021 Issue 31
1019,101,Heliceratops,19,2021-07-19,2021 Issue 33-34
1020,101,Robin vs. Black Maria,17,2021-08-02,2021 Issue 35
1021,101,Demonio,17,2021-08-10,2021 Issue 36-37
1022,101,The Stars Take the Stage,17,2021-08-23,2021 Issue 38
1023,101,Two Peas in a Pod,17,2021-08-30,2021 Issue 39
1024,101,So-and-So,17,2021-09-06,2021 Issue 40
1025,101,Twin Dragons Painting,17,2021-09-13,2021 Issue 41
1026,102,The Pivotal Clash,17,2021-09-27,2021 Issue 43
1027,102,Danger Beyond Imagining,17,2021-10-04,2021 Issue 44
1028,102,Brachiojaurus,17,2021-10-11,2021 Issue 45
1029,102,The Tower,17,2021-10-25,2021 Issue 47
1030,102,Echoing the Impermanence of All Things,17,2021-11-01,2021 Issue 48
1031,102,Warrior of Science,19,2021-11-08,2021 Issue 49
1032,102,Oden's Beloved Blade,17,2021-11-22,2021 Issue 51
1033,102,Shimotsuki Kouzaburou,17,2021-11-29,2021 Issue 52
1034,102,Sanji vs. Queen,15,2021-12-06,2022 Issue 1
1035,102,Zoro vs. King,17,2021-12-20,2022 Issue 3-4
1036,103,Bushido is the Way of Death,19,2022-01-04,2022 Issue 5-6
1037,103,Shuron Hakke,17,2022-01-17,2022 Issue 7
1038,103,Kid & Law vs. Big Mom,17,2022-01-31,2022 Issue 9
1039,103,Top Billing,19,2022-02-07,2022 Issue 10
1040,103,Wasted Words on Young Ears,15,2022-02-14,2022 Issue 11
1041,103,Komurasaki,17,2022-02-28,2022 Issue 13
1042,103,The Victor Needs No Epithet,17,2022-03-07,2022 Issue 14
1043,103,Let's Face Death Together!!!,17,2022-03-14,2022 Issue 15
1044,103,Warrior of Liberation,17,2022-03-28,2022 Issue 17
1045,103,Next Level,19,2022-04-04,2022 Issue 18
1046,103,Raizo,17,2022-04-11,2022 Issue 19
1047,104,The Sky Over the Capital,19,2022-04-25,2022 Issue 21-22
1048,104,Twenty Years,17,2022-05-09,2022 Issue 23
1049,104,The World That Should Be,17,2022-05-16,2022 Issue 24
1050,104,Honor,17,2022-05-30,2022 Issue 26
1051,104,"Shogun of Wano Country, Kouzuki Momonosuke",17,2022-06-06,2022 Issue 27
1052,104,A New Morning,17,2022-06-13,2022 Issue 28
1053,104,New Emperors,17,2022-06-20,2022 Issue 29
1054,104,Flame Emperor,19,2022-07-25,2022 Issue 34
1055,104,The New Era,18,2022-08-01,2022 Issue 35
1056,105,Cross Guild,17,2022-08-08,2022 Issue 36-37
1057,105,The End,17,2022-08-22,2022 Issue 38
1058,105,New Emperor,17,2022-08-29,2022 Issue 39
1059,105,The Matter Involving Captain Koby,17,2022-09-12,2022 Issue 41
1060,105,Luffy's Dream,19,2022-09-20,2022 Issue 42
1061,105,Future Island Egghead,15,2022-09-26,2022 Issue 43
1062,105,Adventure in the Land of Science,17,2022-10-11,2022 Issue 45
1063,105,My Only Family,15,2022-10-17,2022 Issue 46
1064,105,Egghead Labophase,17,2022-10-24,2022 Issue 47
1065,105,Six Vegapunks,19,2022-11-07,2022 Issue 49
1066,106,The Will of Ohara,17,2022-11-14,2022 Issue 50
1067,106,Punk Records,15,2022-11-21,2022 Issue 51
1068,106,A Genius' Dream,17,2022-12-05,2023 Issue 1
1069,106,All Things Are Brought Into This World With Hope,17,2022-12-12,2023 Issue 2
1070,106,The Strongest Form of Humanity,17,2022-12-26,2023 Issue 4-5
1071,106,The Hero Deploys,17,2023-01-07,2023 Issue 6-7
1072,106,The Weight of Memory,17,2023-01-23,2023 Issue 8
1073,106,Miss Buckingham Stussy,15,2023-01-30,2023 Issue 9
1074,106,Mark III,17,2023-02-13,2023 Issue 11
1075,106,Labophase Death Game,15,2023-02-20,2023 Issue 12
1076,106,Old Friends,17,2023-02-27,2023 Issue 13
1077,107,Should Have Noticed Sooner,17,2023-03-13,2023 Issue 15
1078,107,Escape Limit,15,2023-03-20,2023 Issue 16
1079,107,"The Emperor's Crew, The Red Hair Pirates",15,2023-03-27,2023 Issue 17
1080,107,The Hero of Legend,17,2023-04-10,2023 Issue 19
1081,107,"Tenth Ship Captain of the Blackbeard Pirates, Kuzan",19,2023-04-24,2023 Issue 21-22
1082,107,Let's Go and Take It!!,15,2023-05-08,2023 Issue 23
1083,107,The Truth of That Day,15,2023-05-15,2023 Issue 24
1084,107,The Attempted Murder of a Celestial Dragon,17,2023-05-22,2023 Issue 25
1085,107,The Death of Nefertari Cobra,17,2023-06-05,2023 Issue 27
1086,107,The Five Elders,15,2023-06-12,2023 Issue 28
1087,107,Battleship Bags,15,2023-07-17,2023 Issue 33
1088,107,Final Lesson,19,2023-07-24,2023 Issue 34
1089,108,Hostage Situation,17,2023-08-07,2023 Issue 36-37
1090,108,Kizaru,17,2023-08-21,2023 Issue 38
1091,108,Sentomaru,19,2023-09-04,2023 Issue 40
1092,108,Kuma the Tyrant's Holy Land Rampage,17,2023-09-18,2023 Issue 42
1093,108,Luffy vs. Kizaru,15,2023-09-25,2023 Issue 43
1094,108,"Five Elders, Warrior God of Science and Defense, Saint Jaygarcia Saturn",19,2023-10-09,2023 Issue 45
1095,108,Better Off Dead in This World,15,2023-10-16,2023 Issue 46
1096,108,Kumachi,17,2023-10-30,2023 Issue 48
1097,108,Ginny,13,2023-11-06,2023 Issue 49
1098,108,Bonney's Birth,15,2023-11-13,2023 Issue 50
1099,108,Pacifist,17,2023-11-27,2023 Issue 52
1100,108,"Thank You, Bonney",17,2023-12-04,2024 Issue 1
1101,109,To Bonney,17,2023-12-11,2024 Issue 2
1102,109,Kuma's Life,17,2023-12-25,2024 Issue 4-5
1103,109,"I'm Sorry, Daddy",17,2024-01-06,2024 Issue 6-7
1104,109,"Thank You, Daddy",15,2024-01-22,2024 Issue 8
1105,109,The Height Of Folly,13,2024-01-29,2024 Issue 9
1106,109,On Your Side,17,2024-02-05,2024 Issue 10
1107,109,I've Been Looking For You!!,17,2024-02-19,2024 Issue 12
1108,109,"Come In, World",15,2024-02-26,2024 Issue 13
1109,109,Interception,15,2024-03-04,2024 Issue 14
1110,109,Starfall,17,2024-03-18,2024 Issue 16
1111,110,Sun-Shield,19,2024-03-25,2024 Issue 17
1112,110,Hard Aspects,17,2024-04-22,2024 Issue 21
1113,110,Stalemate,19,2024-04-29,2024 Issue 22-23
1114,110,The Wings of Icarus,15,2024-05-13,2024 Issue 24
1115,110,Pieces of a Continent,17,2024-05-27,2024 Issue 26
1116,110,Inner Conflict,13,2024-06-03,2024 Issue 27
1117,110,A,17,2024-06-17,2024 Issue 29
1118,110,The Most Free,13,2024-06-24,2024 Issue 30
1119,110,Emet,13,2024-07-01,2024 Issue 31
1120,110,Atlas,19,2024-07-15,2024 Issue 33
1121,110,The Ebb and Flow of the Ages,17,2024-07-22,2024 Issue 34
1122,111,Time is Right,17,2024-08-05,2024 Issue 36-37
1123,111,The Void Fortnight,17,2024-08-19,2024 Issue 38
1124,111,Close Friend,13,2024-08-26,2024 Issue 39
1125,111,What Death Means,17,2024-09-09,2024 Issue 41
1126,111,Settling the Score,17,2024-09-16,2024 Issue 42
1127,111,Adventure in the Land of Mystery,15,2024-09-23,2024 Issue 43
1128,111,RPG,19,2024-10-07,2024 Issue 45
1129,111,Livedolls,17,2024-10-14,2024 Issue 46
1130,111,The Accursed Prince,15,2024-10-21,2024 Issue 47
1131,111,Loki in the Underworld,17,2024-11-11,2024 Issue 50
1132,111,Adventure in Elbaph,17,2024-12-02,2025 Issue 1
1133,111,I Want You to Praise Me,17,2024-12-09,2025 Issue 2
1134,112,The Owl Library,19,2024-12-23,2025 Issue 4-5
1135,112,Friends' Cups,17,2025-01-04,2025 Issue 6-7
1136,112,The Land That Awaits the Sun,17,2025-01-20,2025 Issue 8
1137,112,Introducing Shamrock,17,2025-01-27,2025 Issue 9
1138,112,The Harley,17,2025-02-03,2025 Issue 10
1139,112,Mountain-Eater,13,2025-02-10,2025 Issue 11
1140,112,Scopper Gaban,17,2025-02-24,2025 Issue 13
1141,112,An Older Woman,17,2025-03-03,2025 Issue 14
1142,112,What I'm Afraid Of,17,2025-03-10,2025 Issue 15
1143,112,Knights of God,19,2025-03-24,2025 Issue 17
1144,112,A Time for Warriors,15,2025-03-31,2025 Issue 18
1145,113,"Wildfire in Forest Sector 2, Branch Route 8",17,2025-04-07,2025 Issue 19
1146,113,Motion in Stillness,17,2025-04-21,2025 Issue 21
1147,113,What We're Afraid Of,17,2025-04-28,2025 Issue 22-23
1148,113,Ronja,15,2025-05-12,2025 Issue 24
1149,113,One Second,19,2025-05-26,2025 Issue 26
1150,113,Domi Reversi,15,2025-06-02,2025 Issue 27
1151,113,I Get the Idea!!!,15,2025-06-09,2025 Issue 28
1152,113,A Horrible Day,17,2025-06-23,2025 Issue 30
1153,113,The Birth of Loki,17,2025-06-30,2025 Issue 31
1154,113,Can't Even Die,17,2025-07-14,2025 Issue 33
1155,113,The Rocks Pirates,17,2025-07-21,2025 Issue 34
1156,,Idols,19,2025-08-04,2025 Issue 36-37
1157,,Legendary Bar,17,2025-08-18,2025 Issue 38
1158,,Rocks vs. Harald,15,2025-09-01,2025 Issue 40
1159,,The Island of Fate,17,2025-09-08,2025 Issue 41
1160,,The God Valley Incident,17,2025-09-15,2025 Issue 42
1161,,A Song of Love Bound Under a Hail of Arrows,19,2025-09-29,2025 Issue 44
1162,,God Valley Battle Royale,17,2025-10-13,2025 Issue 46
1163,,Promise,17,2025-10-27,2025 Issue 48
1164,,Davy Blood,17,2025-11-03,2025 Issue 49
1165,,Reverberations,17,2025-11-10,2025 Issue 50
1166,,New Stories,19,2025-11-24,2025 Issue 52
1167,,Ida's Sons,17,2025-12-01,2026 Issue 1
1168,,The Snows of Elbaph,15,2025-12-08,2026 Issue 2
1169,,My Death Cannot Come Soon Enough,19,2025-12-22,2026 Issue 4-5
1170,,Contrary,17,2026-01-05,2026 Issue 6-7
1171,,Ragnir,17,2026-01-19,2026 Issue 8
1172,,The Elbaph I Dreamed Of,17,2026-02-02,2026 Issue 10
